,loss,topk,val_loss,val_topk,lr
0,12.904397934675217,0.032755534342868486,5.2547783851623535,0.05078125,0.00012637067906358824
